gene,avg train loss,min train loss,avg val loss,min val loss
TRADD,14.884615103403727,14.376688957214355,22.298661867777508,21.321758270263672
GTF2H3,15.80139446258545,14.584066390991211,18.7859769821167,17.35570526123047
CPEB1,12.798573766435895,11.304805755615234,15.055527550833565,13.363716125488281
RARB,15.338390350341797,14.774393081665039,22.765228509902954,22.02948760986328
ZNF618,14.342739868164063,11.97542953491211,18.20406904220581,12.86459732055664
AEBP2,15.571871121724447,15.098546981811523,20.077082951863606,19.610326766967773
SIRT5,10.849733591079712,8.952777862548828,11.211951851844788,7.909987449645996
EGR1,14.501851654052734,14.011391639709473,25.43079071044922,23.82600212097168
CERS3,15.874446392059326,15.419534683227539,23.296163082122803,22.39364242553711
